,en,pt
T_START,Start,Comecar
T_UNPAUSE,Unpause,Retomar
T_TEXT_FOR_ART_GALLERY_BUTTONS,"ARROWS: MOVING      Z/X: ZOOM      ESPACE: RESET      C: CHANGE IMAGE
Q: TEXT UP      E: TEXT DOWN","SETAS: MOVER      Z/X: ZOOM      ESPAÇO: REPOSICIONAR      C: MUDAR IMAGEM
Q: MOSTRA TEXTO      E: TIRA O TEXTO"
T_HIRDRIH_WIKI_INFO,"
== LEON AND OTTO ==

The two heroes of Hirdrih.
Created by Borhr to help around the people of Hirdrih and fight
any outside threats when possible.


== AVIETTA ==

A good friend of Leon and Otto.
She takes care of some rides in the world, 
that revolve around sphere shaped vehicles connected to certain tracks.


== BORHR ==

The creator of Hirdrih and essentially, its god.

He did not know who made him or why he exists.
Only that he had to create Hirdrih.


== ROBBIO ==

A citizen from one of the oldest parts of Hirdrih.


== ELECTRIC SHEEP ==

A common animal in the world of Hirdrih.


== TIME CONTROLLER ==

The robots responsible for the cycle of day and night.


== HIRDRIH HAXI ==

One must compress their files to enter a Hirdrih Taxi cab.


== SERVANT OF BORHR ==

Once loyal to Borhr, now corrupted by a virus and attacking those
they should otherwise protect.


== SPIDER CHIP ==

Another species native to Hirdrh, also unsafe from corruption.


== HIRDRIO ==

Yet another Hirdrih species, turned against its world due to viruses
and outside corruption.


== TRASH COLLECTOR ==

Once meant to organize trash and clean up Hirdrih, now corrupted by
a force of evil.


== TIME DECIDER ==

The main head of the time controlling section of Hirdrih.
She's one of the oldest robots of the world that came into existence after Borhr 
(Who's the very first).


== DAVY PLIMSOLL DUTCH DOT LOCK ==

Once tied of his job of organizing files, he became a pirate.
Setaling from others and causing trouble.
Though he's just bitter and not evil, unlike some of the threats from outside.


== SUKI ==

He has the ability to communicate with anyone, whenever he wants.
No matter how annoying.


== ROSETRON FILE ==

An important artifact of Hirdrih.
Containing information about the languages of various other worlds.


== SNAKE SHIP ==

A vehicle that can be used to come accross different worlds and universes.","
== LEON E OTTO ==

Os dois heróis de Hirdrih.
Criados por Borhr para ajudar o povo de Hirdrih e combater
quaisquer ameaças externas, sempre que possível.


== AVIETTA ==

Uma boa amiga de Leon e Otto.
Ela cuida de algumas estações de viagem no mundo,
que envolvem veículos em forma de esfera ligados a determinados carris.


== BORHR ==

O criador de Hirdrih e, essencialmente, o seu deus.
Não sabia quem o criou nem por que razão existia.
Apenas que tinha de criar Hirdrih.


== ROBBIO ==

Um cidadão de uma das partes mais antigas de Hirdrih.


== OVELHA ELÉTRICA ==

Um animal comum no mundo de Hirdrih.


== CONTROLADOR DO TEMPO ==

Os robôs responsáveis ​​pelo ciclo do dia e da noite.


== HIRDRIH HAXI ==

É preciso comprimir os seus ficheiros para entrar num táxi Hirdrih.


== SERVIDOR DE BORHR ==

Dantes leal a Borhr, agora corrompido por um vírus e atacando aqueles
que deveria proteger.


== CHIP DE ARANHA ==

Outra espécie nativa de Hirdrih, também vitima à corrupção.


== HIRDRIO ==

Mais uma espécie de Hirdrih, virada contra o seu mundo graças ao vírus
e corrupção externa.


== COLETOR DE LIXO ==

Dantes responsável por organizar o lixo e limpar Hirdrih, agora corrompido por
uma força maligna.


== DECISORA DO TEMPO ==

A principal responsável pela secção de controlo do tempo em Hirdrih.
Ela é um dos robôs mais antigos do mundo, surgida depois de Borhr
(que foi o primeiro de todos).


== DAVY PLIMSOLL DUTCH DOT LOCK ==

Cansado de organizar arquivos, tornou-se um pirata.
Roubando aos outros e causar problemas.
Embora seja apenas irritado e não maligno, ao contrário de algumas ameaças externas.


== SUKI ==

Tem a capacidade de comunicar com qualquer pessoa, quando quiser.
Mesmo se é chato.


== FICHEIRO ROSETRON ==

Um artefacto importante de Hirdrih.
Contém informação sobre os idiomas de vários outros mundos.


== NAVE COBRA ==

Um veículo que pode ser utilizado para viajar entre diferentes mundos e universos."
HIRDRIH_TUTORIAL_TEXT_1,"Control the Magic Arrow with arrow keys. E to click and Q to switch
between arrow and Leon/Otto.","Controla a Seta Mágica com botões de setas. “E” para clicar e
“Q” para mudar entre a seta e o Leon/Otto."
TIME_DECIDER_LINE_T,"The viruses have yet again broken into our world.
You and your brother need to find out exactly what's 
causing these corruptions.","Os vírus invadiram o nosso mundo mais uma vez.
Tu e o teu irmão precisam de descobrir exatamente 
o que causou estas corrupções."
TIME_DECIDER_NAME_T,Time Decider,Decisora do Tempo
AVIETTA_NPC_TALK_T,"At least some of these spheres are still operational.
But I worry about the damage these viruses are causing.","Pelo menos algumas esferas ainda funcionam.
Mas estou preocupada com os danos que 
estes vírus estão a causar."
DAVY_LOCK_NPC_TALK_T,"Don't look at me like that!
You know I have nothing to do with this.","Não olhes assim para mim!
Sabes que eu não tenho nada a ver com isto."
SUKI_NPC_TALK_T,"Things aren't getting any better.
I still wish you and your brother good luck.
Meow!","As coisas não estão a melhorar.
Mesmo assim, continuo a desejar boa sorte para ti
e o teu irmão. Miau!"
BORHR_NPC_TALK_T,"We are dealing with a force he haven't met before.
We must find a wait to prevent the threat quickly.
Our world, along with others, is at risk!","Estamos a lidar com uma força que nunca enfrentamos
até agora.
Temos de prevenir a ameaça o mais cedo que possível.
O nosso mundo, tal como outros, está em risco!"
LEON_NPC_TALK_T,"It will take a while before we can restore things back to
how they used to be.","Vai demorar um tempo até podermos restaurar as coisas de
como eram antes."
OTTO_NPC_TALK_T,"Another day like this.
I'm starting to think every servant and spider chip was affected.","Mais um dia como este.
Estou a achar que todos os servidores e 
as aranhas chip foram afetados."
CONVO_BORHR_OTTO_TALK_01,"There's still a lot to go, but we're doing
some progress.","Ainda há muito a fazer, mas estamos 
a fazer algum progresso."
CONVO_BORHR_OTTO_TALK_02,"I am glad to hear.
But this isn't like the last time.","Essa noticia é boa.
Mas esta vez não é como da última."
CONVO_BORHR_OTTO_TALK_03,"I can sense the source of these attacks.
I think I'm getting close...","Consigo sentir a origem destes ataques.
Acho que estou a chegar perto..."
CONVO_BORHR_OTTO_TALK_04,"Whoever is doing this, I'm going to beat them until
they're nothing but scrap.","Quem quer que seja o responsável, vou bate-lo até ele
não passar mais do que sucata."
CONVO_BORHR_LEON_TALK_01,It appears the virus might've infected other worlds.,Parece que o vírus infetou outros mundos.
CONVO_BORHR_LEON_TALK_02,"That sounds bad.
How severe is it?","Isso parece mau.
É assim tão grave?"
CONVO_BORHR_LEON_TALK_03,"There's not that much of its presence in some
of these places.
But it is spreading.","A sua presença não é tão grande nesses lugares.
Mas está a espalhar-se."
CONVO_BORHR_LEON_TALK_04,"Even then, some objects from our world ended up
in those worlds as well.","Mesmo assim, alguns objetos do nosso mundo acabaram
por aparecer nesses mundos também."
CONVO_BORHR_LEON_TALK_05,So it's like that last time...,Então é como daquela última vez...
CONVO_CARRIE_KATRIN_MELVIN_STELLA_01,"But yeah, things have been great ever since we came back.
I've been elected class delegate.","Mas sim, as coisas foram ótimas desde que voltamos a casa.
Fui eleita delegada de turma."
CONVO_CARRIE_KATRIN_MELVIN_STELLA_02,"I was hoping for this moment myself.
To see the smartest and prettiest girl I know to-","Eu própria ansiava por este momento.
Ver a rapariga mais inteligente e bonita que eu conheço-"
CONVO_CARRIE_KATRIN_MELVIN_STELLA_03,"Kat, we get it!
Thanks but...","Kat, nós percebemos!
Obrigada, mas..."
CONVO_CARRIE_KATRIN_MELVIN_STELLA_04,"I mean, what difference does it make?
We know the teachers barely listen to what we have to say anyway","Tipo, que diferença vai fazer?
Já sabemos que os professores mal nos ouvem o que temos a dizer."
CONVO_CARRIE_KATRIN_MELVIN_STELLA_05,"We were missing for a while.
That alone could at least result in us getting some attention.","Desaparecemos durante uns tempos.
Pelo menus, só isso já pode fazer com que recebêssemos
alguma atenção."
CONVO_OSCAR_PETE_ANGELA_01,"Yesterday there was a play in our school.
And we got the best seats.","Ontem houve uma peça de teatro na nossa escola.
E tivemos os melhores lugares."
CONVO_OSCAR_PETE_ANGELA_02,"It was about Lucidiere Alfredo.
If you don't know him, that's the first king of Nortubel.","Era sobre o Lucidiere Alfredo.
Se não ouviste falar dele, foi o primeiro rei de Nortubel."
CONVO_OSCAR_PETE_ANGELA_03,"The costumes were nice.
Other plays before didn't have costumes that looked that nice.","Os fatos eram giros.
As outras peças de antes não tinham fatos assim tão giros."
CONVO_NEANDRA_SHELLY_01,"Metal man!
Want hug!","Homem metal!
Quer abraço!"
CONVO_NEANDRA_SHELLY_02,"Don't mind her, I brought her here so she can
learn about the outside world","Não te preocupes com ela, eu a trouxe aqui para que 
ela possa aprender sobre o mundo exterior."
CONVO_NEANDRA_SHELLY_03,"She's friendly.
Even got to play with the others.","Ela é amigável.
Até brincou com os outros."
CONVO_PAMELA_ZARINA_01,"Hello, Leon!
It has been a while.","Olá, Leon!
Já foi algum tempo."
CONVO_PAMELA_ZARINA_02,"As you can tell, the kids are safe again.
And it's thanks to your help.","Como podes ver, as crianças estão seguras mais uma vez.
E foi graças à tua ajuda."
CONVO_PAMELA_ZARINA_03,"As for that artifact, we kept it safe and hidden.
We're not sure if we'll need it again.","Sobre o artefacto, está seguro e escondido.
Não temos a certeza se o precisaremos dele novamente."
CONVO_PAMELA_ZARINA_04,At least we understand its functions a bit better.,Pelo menos aprendemos mais um pouco as suas funções.
CONVO_EGAS_LUISA_01,"Heard the carrot got elected class delegate.
Her, of all people.","Ouvi falar que a cenoura foi eleita delegada de turma.
Ela, de todas as pessoas."
CONVO_EGAS_LUISA_02,Yeah... what a waste of a role.,Yeah... papel desperdiçado.
CONVO_EGAS_LUISA_03,"I think we could congratulate her.
I could plan something.","Acho que poderíamos celebra-la.
Posso planear algo."
CONVO_EGAS_LUISA_04,What’s the idea?,Qual a ideia?
CONVO_EGAS_LUISA_05,"The festival!
She'll probably be on stage...
I got the perfect ""gift"" for her.","O festival!
Ela provavelmente vai estar no palco...
Tenho o ""presente"" perfeito para ela."
CONVO_AZULENTA_ROSEIRO_POEMA_01,"What do we see here?
A small robot?","O que vemos aqui?
Um pequeno robô?"
CONVO_AZULENTA_ROSEIRO_POEMA_02,"How cute!
Not from here?","Que querido!
Não é daqui?"
CONVO_AZULENTA_ROSEIRO_POEMA_03,"Seems busy as well.
Best not to interrupt then.","Parece ocupado também.
Melhor não interromper então."
CONVO_BONKA_WINKA_BONKO_01,*Angry hand signs*,*Sinais de mão a exprimir raiva*
CONVO_BONKA_WINKA_BONKO_02,"But Mom, I told you I didn't do it!
Someone broke in and-","Mas mãe, eu já disse que não fui eu!
Alguém entrou e-"
CONVO_BONKA_WINKA_BONKO_03,"*Angrier hand signs*
*Tells Bonka to go back to her room*","*Sinais de mão mais zangados*
*Manda a Bonka para voltar para o quarto dela*"
CONVO_BONKA_WINKA_BONKO_04,"Fine!
Why does nobody believe me?","Está bem!
Porque é que ninguém acredita em mim?"
CONVO_BONKA_WINKA_BONKO_05,"Don't worry, darling!
Even if it's not your fault, your mother and I worry about you.","Não te preocupes, querida!
Mesmo se não fosse a tua culpa, a tua mãe 
e eu preocupamos muito contigo."
CONVO_BONKY_PORKENHOG_LINDA_01,"So yeah, seems nobody trusts Bonka still.
What about you, Pork?
Got any stories?","Mas sim, parece que ainda ninguém confia na Bonka.
E tu, Pork?
Tem alguma estória?"
CONVO_BONKY_PORKENHOG_LINDA_02,"I met this lady that I think looks pretty.
But she's taller than me...
And bald.","Conheci esta senhora que acho bonita.
Mas ela é mais alta do que eu...
E careca."
CONVO_BONKY_PORKENHOG_LINDA_03,"Bald?
Wait, is she a clown?
Did she look like Bonka?","Careca?
Espera lá, ela é uma palhaça?
Era parecida com a Bonka?"
CONVO_BONKY_PORKENHOG_LINDA_04,"Bonky, let your friend finish his story!
So, Porkenhog, you met this bald lady.
Then what?","Bonky, deixa o teu amigo terminar a sua estória!
Então, Porkenhog, conheceste esta mulher careca.
E depois?"
CONVO_BONKY_PORKENHOG_LINDA_05,"Well, she told me she was a ""merc"" or something.
And I guess I was annoying to her at first, but then I helped her.","Bem, ela disse-me que era uma ""merc"" ou algo assim.
E acho que a irritei um pouco no início, mas depois ajudei-a."
CONVO_BONKY_PORKENHOG_LINDA_06,"I think she likes me now!
Hope I get to see her again.","Acho que ela agora gosta de mim!
Espero voltar a vê-la."
CONVO_BONKY_PORKENHOG_LINDA_07,"Hope she likes you!
That reminds me, the orange goblin lady...
Oh man, I forgot her name!","Espero que ela gosta de ti!
É verdade, a senhora goblin laranja...
Ora bolas, esqueci-me do nome dela!"
NPC_DIALOGUE_TEXT_CLARINETTO,"Do you mind? I'm trying to practice.
...should have brought the hat too.","Você se importa? Estou a tentar praticar.
...devia ter trazido o chapéu também."
CONVO_ILLOU_RAN_FRAUG_01,"At the rate you're going, I will have very little left
to teach you.","Da maneira como estás a evoluir, terei muito pouco
para te ensinar."
CONVO_ILLOU_RAN_FRAUG_02,Really? Then what could that mean?,A sério? O que é que isso significa?
CONVO_ILLOU_RAN_FRAUG_03,"It would mean you know enough.
Perhaps you already know more than I do.","Significa que já sabes o suficiente.
Talvez já sabes mais do que eu."
CONVO_ILLOU_RAN_FRAUG_04,"But I will always look forward to what
you can do with your skills.","Mas estarei sempre ansioso para ver o que
poderás fazer com as tuas habilidades."
CONVO_MONICA_KIWITTY_01,"By the way, how's the restaurant?","Já agora, como está o restaurante?"
CONVO_MONICA_KIWITTY_02,"Nothing much, but I had ideas for new recipes…","Nada de interessante.
Mas tive ideias para novas receitas…"
CONVO_MONICA_KIWITTY_03,"What if I combine watermelon with beetroot and a 
little bit of figs, cucumber, and pineapple?","E se eu combinar melancia com beterraba e um 
bocadinho de figos, pepino e ananás?"
CONVO_MONICA_KIWITTY_04,"If I were you, I'd think twice before trying out those recipes.
Some combinations don't taste nice.","Se fosse a ti, pensaria duas vezes antes de
tentar essas receitas.
Algumas combinações não sabem bem."
HIRDRIH_TUTORIAL_TEXT_2,The Magic Arrow can interact with some objects.,A Seta Mágica consegue interagir com alguns objetos.
HIRDRIH_TUTORIAL_TEXT_3,Anti-Virus Software protects you for some time.,O Software Anti-Virus protege-te por algum tempo.
HIRDRIH_TUTORIAL_TEXT_4,E can be used to attack enemies.,"""E"" pode ser usado para atacar inimigos."
HIRDRIH_TUTORIAL_TEXT_5,"Use the Magic Arrow to grab the battery and 
drop it on the yellow socket.","Usa a Seta Mágica para pegar na bateria e larga-la
no encaixe amarelo."
HIRDRIH_TUTORIAL_TEXT_6,Press R to climb on stuff and R again to quit.,"Pressione “R” para subir escadas e “R”
outra vez para sair da escadas."
T_BRINKAEDEA_WIKI_INFO,"
== BONKA MILLETTE ==

A mischevious clown girl that loves pranking others.
During her childhood, she was the only clown in her school and
she was made fun of for being different.
She's very immature and easily annoyed.
If you kiss her skin, it tastes like candy.


== BONKA'S TOYS ==

These include but aren't limited to:
* A silly hammer
* A yo-yo
* Different types of present boxes
* A pie
* An ""Endless Spring"" tube.
* An umbrella
* And a ""Silly Tuba""


== WINKA AND BONKO ==

Bonka's parents.
Bonko is a clown and Winka is a mime.
Winka speaks in sign language.


== BONKY AND LINDA DONKUPH ==

Bonky is dumb and one of the few friends of Bonka, willing
to participate in her schemes.
Linda is Bonky's smart sister and disapproves
of his friendship with Bonka.


== ODIN ==

A magician superhero that gets in the way of Bonka's antics
and still sees her as a friend.
He comes from a different universe,
where he learned an important lesson.


== CLAUDIA SANTAMARA == 

The one in green:
A nice lady that offers presents to those who behave nicely.
The one in red:
She claims to be nice but something seems off.


== MONICA STRAWA AND ILLOU DAHLEE ==

When Monica was a baby, she fell into a soup cauldron
and drank all the soup.
That's where she got her fruit powers.

Illou got his powers from eating crayons as a baby.
While Monica is more outgoing and happy,
Illou doesn't smile a lot and prefers to be alone.


== BIRIBIMB ==

A wizard riding a stick with a unicorn's head,
that also acts as a magic broom and is alive.
Biribimb is the one that gave Odin true magic powers.


== PORKENHOG ==

A friend of Bonky and almost in the same intellectual level.


== RAN FRAUG ==

Illou's art mentor and the only one
capable of making Illou smile.


== KIWITTY ==

A good friend of Monica.
Runs a restaurant.


== FORMAGGIA TOM ==

She lives in a cheese moon.
If she takes off the rocket from her face,
you'll see her ugly eye.


== MARIANETTA ==

A bird doll lady that flies when wires appear on her wings.


== PING AND BLOO ==

These two can grant wishes if you play with them.


== MISS ABELHITA ==

She makes the best honey in Brinkaedea.


== KEITH AND CLARABEL CHAVES ==

A nice old couple.
Keith is a key maker.


== CLARINETTO ==

He dreams of being a musician and plays music with his suit.


== FEE GARROU ==

A tough music teacher that didn't approve of Clarinetto's style of doing things.


== ROCKER AND ROLLA ==

The son and daughter of Fee Garrou.
Rocker plays the guitar and Rolla is a pop singer.


== OLIVER ==

He likes to build and fix things around Brinkaedea.
He can also magically change the length of his neck.


== BONKETTE ==

From Alt Brinkaedea, she's a lot meaner and more dangerous than Bonka.
She loves hurting other people.


== MONIKA STABBAH AND DR ILL-OW ==

Unlike Monica, Monika is mean and prefers candy over fruit.
Unlike Illou, Dr Ill-ow is into science and is mean.


== MECHA-ODIN ==

A robot created by Dr ill-ow, made to mimic and destroy Odin.


== BONKOID ==

More evil but also dumber than Bonky.
Even his friends don't like him.


== COOKIE MARY ==

A princess that works under Monika sometimes.
Not very smart.


== GRIMM SKELEBOBORA ==

He wishes to be a grim reaper.


== IMPIRATA ==

She wants to take away food from everyone, just to make sure
everyone has perfectly clean teeth.


== JESTER KING ==

He loves pranking others and creates clones to create a mess.


== COPPER PENNY ==

Before Odin, the original magician hero of Brinkaedea.
But he's way past his glory days and is a shell of his former self.


== KING PALHACIO ==

The king of Brinkaedea whose own crown is also his castle.
He can also extend his neck and put his head inside the castle,
without it ever falling.


== OTHER PEOPLE ==

It's known that Serif drops plant seeds from his nose.
The others are just random citizens of this world.


== KILROY ==

A creature so stupid, they think they see
from the plastic eyes in their bodies.


== JACK-IN-THE-BOX ==

They attack from above to punch you.

","
== BONKA MILLETTE ==

Uma palhaça marota que adora pregar partidas aos outros.
Durante a sua infância, era a única palhaça na sua escola e
era alvo de piadas por ser diferente.
É muito imatura e irrita-se facilmente.
Se beijar a pele dela, sabe como um doce.


== BRINQUEDOS DA BONKA ==

Incluindo, mas não limitado a:
* Um martelo engraçado
* Um ioiô
* Diferentes tipos de caixas de presente
* Uma tarte
* Um tubo de molas magicas
* Um guarda-chuva
* E uma ""Tuba Engraçada""


== WINKA E BONKO ==

Os pais de Bonka.
Bonko é um palhaço e Winka é uma mímica.
Winka comunica através da linguagem de sinais.


== BONKY E LINDA DONKUPH ==

Bonky é um idiota e um dos poucos amigos da Bonka, disposto
a participar nos planos dela.
Linda é a irmã inteligente de Bonky e desaprova
da amizade dele com Bonka.


== ODIN ==

Um super-herói mágico que atrapalha as traquinices da Bonka
e ainda a vê como uma amiga.
Ele vem de um universo diferente,
onde aprendeu uma lição importante.


== CLAUDIA SANTAMARA == 

A senhora em verde:
Uma senhora simpática que oferece presentes a quem se porta bem.
A senhora em vermelho:
Afirma ser simpática, mas algo parece estranho.


== MONICA STRAWA E ILLOU DAHLEE ==

Quando a Monica era bebé, caiu num caldeirão de sopa
e bebeu a sopa toda.
Foi assim que ela ganhou os seus poderes de fruta.

Illou ganhou os seus poderes ao comer
lápis de cera quando era bebé.
Enquanto Mónica é mais extrovertida e alegre,
Illou não sorri muito e prefere estar sozinho.


== BIRIBIMB ==

Um feiticeiro montado num pau com cabeça de unicórnio,
que também funciona como uma vassoura mágica e está vivo.
Biribimb foi quem deu a Odin verdadeiros poderes mágicos.


== PORKENHOG ==

Um amigo do Bonky e quase do mesmo nível intelectual.


== RAN FRAUG ==

Professor de arte de Illou e o único
capaz de fazer Illou sorrir.


== KIWITTY ==

Um bom amigo da Mónica.
É proprietário de um restaurante.


== FORMAGGIA TOM ==

Ela vive numa lua de queijo.
Se ela tirar o foguetão da sua cara,
verá o olho feio dela.


== MARIANETTA ==

Uma boneca-pássaro que voa quando aparecem fios nas suas asas.


== PING E BLOO ==

Estes dois podem realizar desejos se brincar com eles.


== MISS ABELHITA ==

Ela produz o melhor mel de Brinkaedea.


== KEITH E CLARABEL CHAVES ==

Um simpático casal de idosos.
O Keith é chaveiro.


== CLARINETTO ==

Ele sonha ser músico e toca música com o seu fato.


== FEE GARROU ==

Um professor de música duro que não aprovou
a maneira de como o Clarinetto faz as suas coisas.


== ROCKER E ROLLA ==

Filho e filha de Fee Garrou.
Rocker toca guitarra e Rolla é uma cantora pop.


== OLIVER ==

Ele gosta de construir e reparar coisas em Brinkaedea.
Também pode mudar magicamente o comprimento do seu pescoço.


== BONKETTE ==

De Alt Brinkaedea, ela é muito mais cruel e perigosa do que a Bonka.
Ela adora magoar as outras pessoas.


== MONIKA STABBAH E DR ILL-OW ==

Ao contrário de Monica, Monika é má e prefere doces a fruta.
Ao contrário de Illou, o Dr Ill-ow gosta de ciência e é mau.


== MECHA-ODIN ==

Um robô criado pelo Dr ill-ow, feito para imitar e destruir Odin.


== BONKOID ==

Mais mau, mas ainda também mais burro que o Bonky.
Nem os amigos gostam dele.


== COOKIE MARY ==

Uma princesa que trabalha para Monika às vezes.
Não é muito inteligente.


== GRIMM SKELEBOBORA ==

Ele deseja ser um ceifador de almas.


== IMPIRATA ==

Ela quer tirar a comida a todos, para fazer com que
todos têm dentes perfeitamente limpos.


== REI BOBO ==

Adora pregar partidas aos outros e criar clones para causar confusão.


== COPPER PENNY ==

Antes de Odin, o herói magico original de Brinkaedea.
Mas ele já passou a sua glória e é apenas uma sombra do que era.


== REI PALHACIO ==

O rei de Brinkaedea, cuja própria coroa é também o seu castelo.
Pode também estender o pescoço e colocar a cabeça dentro do castelo,
sem que o castelo alguma vez caia.


== OUTRAS PESSOAS ==

Sabe-se que Serif deixa cair sementes de plantas pelo nariz.
Os outros são apenas cidadãos comuns deste mundo.


== KILROY ==

Uma criatura tão estúpida que pensa que vê
com os olhos de plástico na sua barriga.


== JACK-NA-CAIXA ==

Atacam por cima para te dar um soco.

"
T_KRIMBSTONE_WIKI_INFO,"
== BOOKER ARRON VINCENT ==

Once a police officer, Booker found his wife and daughter dead
after returning home.
Not too long after, he was falsely accused of murdering the two and
got sent to prison, where he suffered for some time before a prison riot
occured and the prisoners escaped

Booker spent the last 9 years of his life killing criminals and maniacs,
working as a vigilante hiding in secret hideouts and doing what he can
to make Krimb-Stone a safer place.
He barely shows any other emotion besides anger.


== VELMA AND VERONICA ==

Booker's loving wife and his daughter.
Both dead.


== REPTILE ==

A female agent with seductive skills and snake tattoos.
Once an orphan who barely knew her parents, she was taken by Cobra
and raised as an assassin, among other girls.

Although she's a professional at her job, there's at least one
incident in which she caused a terrible mistake that haunts her to this day.


== RICOTTO BRUNIOLLI ==

The Last surviving member of the Bruniolli family, carrying
his father's legacy despite his age.
Still shows signs of intelligence, combat skills and etiquette, which can be
attributed to the training and teachings by his henchwoman Matysha.


== MATYSHA NATASHKA ==

Once a boxer in her home country before killing another boxer in self-defence.
Matysha was eventually offered a job opportunity by Ricotto's father to work
as a henchwoman for the family.

Her relationship with Ricotto ranges from partners in crime to
something akin to mother and son.


== COBRA ==

Reptile's boss, who raised her into becoming his best assassin.
Despite being the closest she had to a father figure, he still
treats her in rather obscene ways, which even Reptile knows
aren't right.


== PHINEAS ABE ==

A criminal gang leader notorious for surviving
a piece of metal through his head, even if
personality change might've occurred.
Plagued by anger and violence, Phineas does what it takes
to get what he wants.


== BULLET AND KRAHQ ===

Bullet is described as one of the most disgusting
and sickening criminals,
one that almost every cop and investigator is afraid to catch.
He shows no remorse.
A rich, strong beast of a man who takes pleasure in performing the
most immoral acts on anyone else.

Krahq is Bullet's most notorious henchman.
Some believe Krahq has so many dangerous substances and diseases
in his body that he became practically immune to what normally
kills anyone else.


== THE DOCTOR ==

Although not as evil as Bullet, he's still disgusting and rather odd.
Once a proctologist who loved his job a bit too much, he now punishes
criminals with gross treatments, followed by his sense of humor.

He has an appetite and passion for certain bodily fluids.


== THE ""NNN"" MOVEMENT ==

A notorious hate movement.
One member is known for his offensive comedy and his puppet.
It's believed a majority of the members have been killed by Booker.


== THE GOLDIES ==

An incident occurred a while ago in which a virus
drove people insane and started doing immoral acts.


== PRESIDENT ALEXANDER GRAVE AND HIS SON (ALEX JUNIOR) ==

The president of the most powerful country in the world.
Supposedly, his son has leukemia but there might be
something else going on.


== OTHER PEOPLE ==

Some prisoners.
A sad homeless man.

Benjamin McCormen: A guy who's a complete idiot and also
led to Booker getting in trouble.

A prison guard.
Whatever is the deal with that guy
tied to the street lights.



","
== BOOKER ARRON VINCENT ==

Antigamente um polícia, Booker encontrou a mulher e a filha mortas
Quando regressou a casa.
Pouco tempo depois, foi falsamente acusado de as matar e
foi enviado para a prisão, onde sofreu durante algum tempo antes
de uma rebelião ocorrer e os prisioneiros escaparem.

Booker passou os últimos 9 anos da sua vida a matar criminosos e maníacos,
trabalhando como vigilante, esconder-se em locais secretos e fazer o que pode
para tornar Krimb-Stone um lugar mais seguro.
Raramente demonstra qualquer outra emoção para além da raiva.


== VELMA E VERONICA ==

A amada esposa de Booker e a sua filha.
Ambas falecidas.


== REPTILE ==

Uma agente com habilidades sedutoras e tatuagens de cobras.
Dantes uma Órfã que nunca conheceu os pais,
foi acolhida pelo Cobra
e criada como assassina, juntamente com outras raparigas.

Embora seja uma profissional competente, existe pelo menos um
incidente em que cometeu um erro terrível que a persegue até hoje.


== RICOTTO BRUNIOLLI ==

O último membro sobrevivente da família Bruniolli, continuando
o legado do seu pai apesar da idade.
Ainda mostra sinais de inteligência, capacidades de combate e etiqueta,
que podem ser atribuídos ao treino e ensinamentos da sua capanga Matysha.


== MATYSHA NATASHKA ==

Matysha era pugilista no seu país natal antes de
matar outra pugilista em legítima defesa.
O pai de Ricotto acabou por lhe oferecer um emprego como capanga da família.
A relação com Ricotto varia de parceiros no crime a algo tipo mãe e filho.


== COBRA ==

O chefe de Reptile, que a criou para ser a sua melhor assassina.
Apesar de ser a figura paterna mais próxima que ela teve, ele ainda
trata-a de formas bastante obscenas, que até Reptile sabe
que não são certas.


== PHINEAS ABE ==

Um líder de gangue criminoso notório por sobreviver
a um pedaço de metal que lhe atravessou a cabeça, mesmo que
deve ter sofrido uma alteração de personalidade.
Possuído por raiva e pela violência, Phineas faz o que for preciso
para conseguir o que quer.


== BALA E KRAHQ ===

Bala é descrito como um dos criminosos mais repugnantes e nojentos,
que quase todos os polícias e investigadores temem capturar.
Não demonstra nenhum remorso.
Um homem rico, forte e monstruoso que sente prazer em praticar 
os atos mais imorais contra qualquer pessoa.

Krahq é o mais notório capanga de Bullet.
Alguns acreditam que Krahq possui tantas substâncias perigosas e 
doenças no seu corpo que se tornou praticamente imune ao que 
normalmente mataria qualquer outra pessoa.


== O DOUTOR ==

Embora não seja tão mau como o Bala, não deixa de ser 
repugnante e bastante estranho.
Outrora um proctologista que amava demasiado o seu trabalho, 
agora castiga criminosos com tratamentos grotescos, 
seguidos pelo seu sentido de humor.

Tem apetite e paixão por certos fluidos corporais.


== O MOVIMENTO ""NNN"" ==

Um notório movimento de ódio.
Um dos seus membros é conhecido pelo seu humor ofensivo e pelo seu fantoche.
Acredita-se que a maioria dos membros tenha sido morta por Booker.


== OS DOURADOS ==

Algum tempo atrás, ocorreu um incidente em que um vírus
levou as pessoas à loucura e fê-las cometer atos imorais.


== PRESIDENTE ALEXANDER GRAVE E ALEX JUNIOR ==

O presidente do país mais poderoso do mundo.
Supostamente, o seu filho tem leucemia, mas pode haver
algo mais a acontecer.


== OUTRAS PESSOAS ==

Alguns prisioneiros.
Um mendigo triste.

Benjamin McCormen: Um tipo que é um completo idiota e também
causou problemas a Booker.

Um guarda prisional.
Seja lá qual a razão deste tipo
estar amarrado ao semáforo.


"
T_LAHIURN_WIKI_INFO,"
== LAHIURN AND EYGZOUHL EMPIRES ==

At first, the conflict was only between Lahiurn and Eygzouhl.
But unfortunately, the war progressed for a reason: Both countries
want to take over more territories.
Regardless of who wins, the rest of the world could fall under one nation.

Lahiurn as a country is surrounded by fear and hate, with oppressive propaganda, 
cameras, censorship and men who are forced into war.

Meanwhile, the country of Eygzouhl indulges heavily on hedonism
and pleasure to such extreme.
Eygzouhl's men aren't necessarily forced to war as some already chose to do so, 
due to extreme pride and delusions of ""greater rewards"".


== THE RESISTANCE ==

Charles Kendery is a drill instructor of the Buellarock army.
Jerold Hollenstud is a runaway soldier from the Lahiurn empire,
who was forced to kill his wife before the draft.
Gustav Northerk choosed to fight for Eygzouhl before certain
discoveries made him change his mind.
Both Jerold and Gustav ran away to side with Charles.


== NAMYLEA MATDUR ==

A female explorer and reporter from Dahrgrinde.
Fascinated with history and archeology, her interests may
have to come to a stop due to the growing world war.


== VICTOR WRIGHT ==

An explorer and journalist, who remains a good friend of Gustav,
even after the war started.


== STAPHEN LOMESHTIN ==

The dictator of Lahiurn, who makes sure his own people fear him
and look up to him like a god.
Even with a man rumored to be his son, Lomeshtin looked down
on him.
His throne is weaponized.


== ANTUON BREGORY ==

Eygzouhl's dictator, who claims to promise joy and pleasure
to his own people.
His cane is weaponized.


== HEILGA LOMESHTIN AND EVA ==

Heilga is the niece of Lomesthin.
Violent and capable of handling weapons at her age.

Eva is said to be the best from the Lomeshtin Youth program,
which exists to recruit anyone from 6 to 19 to be part
of the military.
A lot of female soldiers copy her hair style and tattoos.


== RICHTOFEN ==

A young male soldier from Lahiurn, allowed to use armor that's often
used by older soldiers.


== VICTORIELLA ==

The granddaughter of Antuon Gregory and princess of Eygzouhl.
Once had a deadly disease until Nitupsar healed her.


== NITUPSAR ==

An old man that joined Eygzouhl's ruling family,
after curing Antuon's granddaughter.
He worships the god Triglav and may have some personal motives.


== LOCATIONS ==

A submarine used by the Lahiurn army.
And Lahiurn's main building.


== NIGHT RIDER ==

A super soldier experiment using remains of dead prisoners.


== RUNNER DOGS ==

Dogs put in wheels that are sacrificed in war,
given they have bombs strapped to them.




","
== OS IMPÉRIOS LAHIURN E EYGZOUHL ==

Inicialmente, o conflito era apenas entre Lahiurn e Eygzouhl.
Mas, infelizmente, a guerra cresceu por uma razão: ambos os países
querem conquistar mais territórios.
Não importa quem ganha, o resto do mundo poderá ficar
sob o domínio de uma só nação.

Lahiurn, enquanto país, está rodeado de medo e ódio, de propaganda opressiva,
câmaras, censura e homens forçados à guerra.

O país de Eygzouhl entrega-se intensamente ao hedonismo
e ao prazer até ao extremo.
Os homens de Eygzouhl não são forçados à guerra, 
como alguns escolham participar,
devido a um orgulho extremo e à ilusão de ""grandes recompensas"".


== A RESISTENCIA ==

Charles Kendery é um instrutor de recrutas do exército de Buellarock.
Jerold Hollenstud é um soldado fugitivo de Lahiurn,
que foi obrigado a matar a sua mulher antes do alistamento.
Gustav Northerk escolheu lutar por Eygzouhl antes de certas
descobertas o fizessem mudar de ideias.
Tanto Jerold como Gustav fugiram para ficar do lado de Charles.


== NAMYLEA MATDUR ==

Uma exploradora e repórter de Dahrgrinde.
Fascinada por história e arqueologia, os seus interesses podem
ter de ser interrompidos devido à crescente guerra mundial.


== VICTOR WRIGHT ==

Um explorador e jornalista, que continua a ser um 
bom amigo de Gustav, mesmo depois do início da guerra.


== STAPHEN LOMESHTIN ==

O ditador de Lahiurn, que garante que o seu próprio povo o tema
e reverencie-o como um deus.
Até um homem que poderá ser seu filho,
Lomeshtin desprezava-o.
O seu trono é uma arma.


== ANTUON BREGORY ==

O ditador de Eygzouhl, que afirma prometer alegria e prazer
ao seu próprio povo.
A sua bengala é uma arma.


== HEILGA LOMESHTIN E EVA ==

Heilga é sobrinha de Lomesthin.
Violenta e capaz de usar armas, apesar da sua idade.

Eva é considerada a melhor do programa juvenil Lomeshtin,
que existe para recrutar qualquer pessoa dos 6 aos 19 anos para fazer parte
das forças armadas.
Muitas soldadas copiam o seu penteado e as suas tatuagens.


== RICHTOFEN ==

Um jovem soldado de Lahiurn, autorizado a usar
uma armadura que geralmente
é utilizada por soldados mais velhos.


== VICTORIELLA ==

Neta de Antuon Gregory e princesa de Eygzouhl.
No passado, teve uma doença mortal até ser curada por Nitupsar.


== NITUPSAR ==

Um velho que se juntou à família real de Eygzouhl,
após curar a neta de Antuon.
Venera o deus Triglav e pode ter alguns motivos pessoais.


== LOCALIZAÇÕES ==

Um submarino utilizado pelo exército de Lahiurn.
E o edifício principal de Lahiurn.


== CAVALEIRO DA NOITE ==

Experiência de super-soldados utilizando
restos mortais de prisioneiros.


== CÃES CORREDORES ==

Os cães são colocados sobre rodas
e são sacrificadas na guerra,
uma vez que têm bombas amarradas a eles.




"
T_MASSAGCOAV_WIKI_INFO,"
== HOLMES DEKARRO ==

A well-mannered owner of a casino.
Polite but not without some tricks to
get money.


== FERNAANDA AND FEELIX JOHNSON ==

Fernaanda is an assistent of Barney and a loving mother,
who wears a special visor due to her vision getting worse over time.
She hasn't seen her husband in years.

Feelix is Fernaanda's son and due to a birth defect, he has one eye.
Despite that, he still dreams of being a pilot.


== BARNEY MACKENSTEIN AND HORATIO ==

Barney is a scientist and also a friend of Holmes.
He never got to see his parents: When he was a baby,
he was used in a surrogate mother experiment
which means science was with him since day 1.

Horatio is a strange being that Barney kept like a pet.


== KARLA, TOUNI AND KAROLINE HENSON ==

From Elegantissia, the Henson family moved to Massag-Coav,
to establish interest in sports from the public.
While Karla still performs athletic activities, Touni is a coach.
Karoline can't fly until she reaches adulthood.


== MCSHERRY TRIFFELO ==

She used to be a lifeguard in Atlantis, but after a series of unlucky events, 
she formed a group with some friends who felt abandoned by others.
She became a friend of Holmes, even if she still questions his activities.
She can be friendly but is also tough and likely to get into fights.


== WENDY, SANDY AND PEGGY ==

Wendy was dumped by her boyfriend after she wanted kids and 
Sandy ran from home after an argument with her parents.
Wendy tends to take off her hook hand when she’s near Feelix.
Sandy’s mother works at a morgue.
These two are friends of McSherry.

Peggy used to be part of the same group until some of her decisions
caused her friends to no longer trust her.


== DEXTER SPEEDGARD ==

A great tennis player.
Although he still gets in arguments with Touni.


== HAROLD AND HENRY DEKARRO ==

Harold is Holmes' father and Henry is Holmes' older brother.
Henry taught Holmes a lot of things that Harold isn't aware of.


== CECILLE ==

A childhood friend of Holmes who dreams of being an actress.


== MARIE JOOLIETTA AND GERONIMO JOOLIETT ==

Marie is a school teacher from Elegantissia, who used to date Barney
until various things caused the relationship to fall apart.

Geronimo is the nephew of Marie Joolietta.
He's nice and worries his aunt gets a bit stressed sometimes.


== MARLON VALENTINOU ==

A leader of a mob involved in criminal activities.


== MYSTERIOUS MONK AND FOLLOWERS OF MLUTO ==

The mysterious monk is said to know things that others usually don't know.
The monk's cult believes that someday, Mluto will bring the end of the world
and only his true followers will survive.

A lot of followers of Mluto are these women with blindfolds, who
see their fate as being decided by visions of Mluto.


== AUGUSTUS TRIFFELO ==

The father of McSherry and a runaway criminal.
McSherry hasn't seen him in years.


== SOPHIA AND FILIPA ==

Two nuns from a church, who see Mluto as a merciful and compassionate god.
Fernaanda sometimes lets these two take care of Feelix.


== A GROUP OF FARMERS ==

Bella is the boss of the farming business and mother of Finn, a boy
whose father was a human.
Chandra is a partner of Bella and the adoptive mother of Marta, who
acts like an older sister to Finn.
Pearl is another partner involved in the farming business.

Marta has athletic ambitions of wanting to be a gymnast, so she could
support her family and friends better.
She also has a complicated relationship with Cecille.


== GAABRIELA AND GREETEL ==

Gaabriela is Fernaanda's mother and Feelix's grandmother.
Greetel is Feelix's cousin.
These two live in the same rural area as Bella.


== HEELIOS AND MITSHEL ==

Heelios carries a vehicle as an alterative to the expensive
taxi cabs in Massag-Coav.
Mitshel works as a mailman in Atlantis.
These two act as friendly rivals to each other.


== ALT FERNAANDA AND CLIFFTENG JOHNSON ==

This Fernaanda flies with a special suit and is
in search for her son (Who unlike the other Feelix, has two eyes).
Cliffteng is her husband and he's an agent that captures criminals
and makes sure safety is a priority in his world.
These two come from a different universe with
its version of Massag-Coav.


== SABER CLINTWOOD AND HIS FAMILY ==

A bounty hunter, who lives in a dangerous town.
Saber works to keep his family alive.
He has a daughter named Byte and a son named Fang,
while their mother was a human woman.
Todd is a low intelligence bear from a species 
that is often treated like a middle ground
between pet and citizen.
Byte and Fang like to see Todd as a friend.


== OTHER PEOPLE AND THE BLACK GALLUS ==

A police officer.
Kangaroo Zack: A news reporter that loves exploiting tragedies.
An street cleaner that sweeps the streets of Atlantis.
Cheerleaders Katy, Stacy and Millie.

One incident occurred where a species of black chicken
ran around various countries after escaping a zoo.


== ATLANTIS ==

The underwater country where McSherry comes from.


== FUN COSTUMES ==

McSherry, Holmes and Barney dressed for a fun holiday.





","
== HOLMES DEKARRO ==

Um dono de casino bem-educado.
Mas não sem alguns truques para
ganhar dinheiro.


== FERNAANDA E FEELIX JOHNSON ==

Fernaanda é assistente de Barney e uma mãe amorosa,
que usa um visor especial porque a visão piorou com o tempo.
Não vê o marido há anos.

Feelix é filho de Fernaanda e, devido a uma deficiência congénita,
tem apenas um olho.
Apesar disso, ainda sonha ser piloto.


== BARNEY MACKENSTEIN E HORATIO ==

Barney é cientista e também amigo de Holmes.
Nunca chegou a conhecer os seus pais: Quando era bebé,
foi usado numa experiência de mãe substituta,
o que significa que a ciência esteve com ele desde o primeiro dia.

Horatio é um ser estranho que Barney mantinha como animal de estimação.


== KARLA, TOUNI E KAROLINE HENSON ==

De Elegantissia, a família Henson mudou-se para Massag-Coav,
para despertar o interesse do público pelo desporto.
Enquanto Karla ainda pratica atividades atléticas, Touni é treinador.
Karoline não poderá voar até atingir a idade adulta.


== MCSHERRY TRIFFELO ==

Ela dantes era uma nadadora-salvadora na Atlântida,
mas após uma série de maus eventos,
ela formou um grupo de amigas que se sentiam abandonadas pelos outros.
Tornou-se amiga de Holmes, mesmo que ainda questione as suas atividades.
Pode ser amigável, mas também é dura e as vezes participa em lutas.


== WENDY, SANDY E PEGGY ==

Wendy foi abandonada pelo namorado depois de querer ter filhos e
Sandy fugiu de casa após uma discussão com os pais.
Wendy costuma tirar a mão de gancho quando está perto de Feelix.
A mãe de Sandy trabalha numa morgue.
Estas duas são amigas de McSherry.

Peggy fazia parte do mesmo grupo até que algumas das suas decisões
fizeram com que as suas amigas deixaram de confiar nela.


== DEXTER SPEEDGARD ==

Um grande jogador de ténis.
Embora ainda discuta com o Touni.


== HAROLD E HENRY DEKARRO ==

Harold é o pai de Holmes e Henry é o irmão mais velho de Holmes.
Henry ensinou a Holmes muitas coisas que Harold desconhece.


== CECILLE ==

Uma amiga de infância de Holmes que sonha ser atriz.


== MARIE JOOLIETTA E GERONIMO JOOLIETT ==

Marie é professora em Elegantissia e namorava com Barney 
até que vários fatores levaram ao fim da relação.

Geronimo é sobrinho de Marie Joolietta.
É gentil e preocupa-se quando a sua
tia fica com stress.


== MARLON VALENTINOU ==

Líder de uma máfia envolvida em atividades criminosas.


== MONGE MISTERIOSO E SEGUIDORAS DE MLUTO ==

Diz-se que o misterioso monge sabe coisas que os outros geralmente não sabem.
O culto do monge acredita que um dia, Mluto trará o fim do mundo
e apenas os seus verdadeiros seguidores sobreviverão.

Muitos seguidores de Mluto são estas mulheres com vendas nos olhos, que
vêem o seu destino a ser decidido por visões de Mluto.


== AUGUSTUS TRIFFELO ==

O pai de McSherry e um criminoso em fuga.
McSherry não o vê há anos.


== SOPHIA E FILIPA ==

Duas freiras de uma igreja, que vêem Mluto como um deus misericordioso e compassivo.
Fernaanda deixa, por vezes, que estas duas cuidem de Feelix.


== UM GRUPO DE AGRICULTORAS ==

Bella é a chefe da quinta e mãe de Finn, um rapaz
cujo pai era humano.
Chandra é sócia de Bella e mãe adotiva de Marta, que
age como uma irmã mais velha para Finn.
Pearl é outra sócia envolvida na quinta.

Marta tem ambições atléticas e quer ser ginasta para poder
sustentar melhor a sua família e amigos.
Também tem uma relação complicada com a Cecille.


== GAABRIELA E GREETEL ==

Gaabriela é a mãe de Fernaanda e avó de Feelix.
Greetel é prima de Feelix.
As duas vivem na mesma zona rural que Bella.


== HEELIOS E MITSHEL ==

Helios transporta um veículo como alternativa aos 
táxis caros de Massag-Coav.

Mitshel trabalha como carteiro em Atlantis.
Estes dois agem como rivais amigáveis ​​um do outro.


== ALT FERNAANDA E CLIFFTENG JOHNSON ==

Esta Fernaanda voa com um fato especial e está
em busca do seu filho
(Que, ao contrário do outro Feelix, tem dois olhos).
Cliffteng é o seu marido e é um agente que captura criminosos
e garante que a segurança é uma prioridade no seu mundo.
Estes dois vêm de um universo diferente com
sua versão de Massag-Coav.


== SABER CLINTWOOD E A SUA FAMILIA ==

Um caçador de recompensas que vive numa cidade perigosa.
Saber luta para manter a sua família viva.
Tem uma filha chamada Byte e um filho chamado Fang,
e a sua mãe era uma mulher humana.

Todd é um urso de baixa inteligência de uma espécie
que é muitas vezes tratada como um meio-termo
entre animal de companhia e cidadão.
Byte e Fang gostam de ver Todd como um amigo.


== OUTRAS PESSOAS E OS GALLUS PRETOS ==

Um polícia.
Kangaroo Zack: Um repórter que adora explorar tragédias.
Um varredor de ruas que limpa as ruas de Atlantis.
As líderes de torcida Katy, Stacy e Millie.

Um incidente ocorreu quando uma espécie de galinhas pretas
fugiram para vários países após terem escapado de um jardim zoológico.


== ATLANTIS ==

O país subaquático de onde vem a McSherry.


== FATOS DIVERTIDOS ==

McSherry, Holmes e Barney vestidos
para um feriado divertido.





"
T_NORTUBEL_WIKI_INFO,"
== THE MAIN GROUP ==

Birthdays (Their world takes place in the year 2007):
Carrie: 11/03/1989
Oscar: 10/03/1999
Katrin: 08/05/1989
Pete: 09/05/1999
Melvin: 15/04/1989
Angela: 17/04/1999

They all had their own family related issues and ran from home to stay together in a tree house.
Then something strange happens and they were brought to the dream lands.
A device they discover is a strange box that allows them to travel through different worlds.


== CARRIE AND OSCAR DECARDE ==

Carrie is still a student and has a summer job.
She likes going to the beach and was once considering a field
about marine biology but she might've given up on it.
She can be a nice, polite girl and tries to be as down-to-earth as possible.

Oscar is as nice and friendly as he can get, even if not the smartest around.
He's quite sensitive.
Carrie does worry if she protects him a bit too much.

Carrie once saw her mother hurting her father, as he was accused of cheating on her.
Carrie confronted her mother about it and then ran away with Oscar.


== KATRIN AND PETE FLENN ==

Katrin works at a florist shop during summer and is very close to Carrie.
She's a lot more positive and often more hopeful, 
whereas Carrie tends to be annoyed a bit more and
less likely to think about the bright side of things.
Katrin and Carrie met when they were 10 years old
and are still together to this day.

Pete is a good friend of Oscar and unlike Oscar,
Pete is more confident and has a greater sense of humor.

Katrin loves both of her parents, 
but her father told her to run away with Pete
because he was about to confront their uncle.


== MELVIN AND ANGELA BROKSTON ==

Melvin met Carrie and Katrin when they were 14.
He's the most active with sports.
Sometimes, Carrie and Katrin refer to him as ""Mel"".
He also tends to have a sense of humor even if deep down,
he has some sad feelings to resolve.

Melvin and Angela lost their mother when Angela was 4, 
meaning Melvin wants to make sure he teaches Angela what their mother taught him.
Angela tends to be stubborn at times and complain a lot.

Melvin last saw his father lying on his chair barely conscious and 
Melvin couldn't tell if he could be either dead or drunk.
But he still felt he should run away and take Angela with him.

Melvin also carries a knife, which he and his group used
to face dangers during their adventures.


== STELLA FLENN ==

The cousin of Katrin and Pete.
She has a hobby based around kart racing.
Much like the main 6, she was brought to the dreamlands through some strange incident and 
she stayed there for some time before accidently stumbling upon the device used for dimension travelling.
By accidently touching it, she was taken to Krimb-Stone's universe.

Stella doesn't like her father very much and believes he cheated on her mom.
Stella and Katrin believe he's the real father of Pete, meaning Pete is both Katrin and Stella's half-brother.

Stella was missing for some time already before the others, which
is why she stayed for almost a month and a half in Krimb-Stone.


== THE ALTERNATE 6 ==

They seem similar to the group of 6 but
the ages are different.
At first they were on good terms with the group
until an incident involving Stella and a
living house named Amalia occurred.
And things got worse from there.

Their anatomy is inverted compared to the main 6.
They also have their own magical device.


== PAM/PAMELA MARGAREEN ==

Carrie and Oscar's grandma.
Due to a spell discovered by accident, she looks younger
when in reality she's in her 70's.


== BERNARD BROKSTON AND SHELLY FRINKENMAR ==

Bernard is Melvin and Angela's uncle.
He owns a farm.

Shelly is a school teacher and girlfriend of Bernard.
She's also a scientist and studied a lot of the dreamlands.


== ZARINA LIEFDEI ==

A sorceress from Auliswaria.
She is another friend of Pamela.
She has healing powers and used them in her home country,
during a limnic eruption related crisis.


== SHIHIRO XANG ==

A martial artist with powers from Yilin.
He likes training others and teach them how to fight, 
even if they don't have the same powers that he does.
He also dates Zarina.


== BAO BAO ==

Shihiro's pet.
He's very friendly.
He also has a form where he gets bigger and stronger.


== ROSEIRO, AZULENTA AND POEMA ==

A mysterious group of siblings who love to play games with others.
They also have magic potions that can change anyone with transformations.


== GAMBOZINHAO AND WOLPERTINGERELA ==

An odd pair who may or may not be native to the dream lands.
Gambozinhao has a crush on Melvin.
In terms of personality, Gambozinhao is very joyful and usually enthusiastic.
He's also not very intelligent, compared to Wolpertingerela.
Wolpertingerela is rather confident and gentle, with a sense of humor too.


== EGAS DE MONIZ AND LUISA JESUS ==

Egas loves being a bully and hurting people.
Luisa loves harassing Katrin the most and has dreams of murdering children.

Luisa also has scars on her arms, due to self harm.
She also tends to smoke.


== NEANDRA ==

A cavewoman that Shelly found frozen and she decided to rescue.
Shelly spent a while healing her and teaching her stuff, 
Eventually, Neandra became like an adopted daughter of Shelly.
She acts friendly too.


== DIFFERENT LOOKS FOR THE GROUP ==

A set of different clothes and new forms.
Maybe from an event in the future, where the group gets powers
related to soccer.
Unknown right now as for why Luisa is there though.


== STRANGE CREATURES ==

The cow spiders, geckos and spitter fish.

Amalia is a monster house that the alt 6 befriend.
At some point, the monster tried eating Stella which led to it
being destroyed by the main 6 and Shihiro, so they could save Stella.
This caused the alt 6 to be on bad terms with the main 6.


== MANNEQUINS ==

Strange mannequins that can attack if you're not looking directly at them.


== THE FLAG OF NORTUBEL AND EARTH ==

Nortubel is part of the continent of Yunopa, which
is placed in the upper green cap of the world.


== RELATIONSHIP OF THESE 3 ==

Seemingly a love triangle.


== BEACH ==

Nortubel is associated with the water, so
it's no surprise that these people go to the beach.

== WEIRD DRAWINGS ==

Unsure of what these are.


== THE DEVICE ==

This is what the group of 6 used to travel through
different worlds.






","
== O GRUPO PRINCIPAL ==

Aniversários (O mundo deles passa-se no ano de 2007):
Carrie: 11/03/1989
Oscar: 10/03/1999
Katrin: 08/05/1989
Pete: 09/05/1999
Melvin: 15/04/1989
Angela: 17/04/1999

Todos eles tinham os seus próprios problemas familiares e
fugiram de casa para viverem juntos numa casa na árvore.
Depois, algo de estranho acontece e são levados para um mundo de sonhos.
Um dispositivo que descobrem é uma caixa estranha
que lhes permite viajar para diferentes mundos.


== CARRIE E OSCAR DECARDE ==

Carrie ainda é estudante e tem um emprego de verão.
Gosta de ir à praia e considerou entrar
na área da biologia marinha, mas talvez tenha desistido.
Pode ser uma rapariga gentil e educada e 
tenta ser a mais ""pés no chão"" que possível.

O Oscar é extremamente amável e simpático, mesmo não sendo o mais inteligente.
Ele é bastante sensível.
Carrie preocupa-se de o proteger demais.

Carrie viu a mãe a agredir o pai, que foi acusado de a trair.
Carrie confrontou a mãe sobre isso e fugiu com Oscar.


== KATRIN E PETE FLENN ==

Katrin trabalha numa florista durante o verão e é muito próxima de Carrie.
É muito mais positiva e geralmente mais esperançosa,
enquanto Carrie tende a irritar-se um pouco mais e
é menos propensa a pensar no lado bom das coisas.

Katrin e Carrie conheceram-se quando tinham 10 anos
e ainda estão juntas até hoje.

Pete é um bom amigo de Oscar e, ao contrário de Oscar,
O Pete é mais confiante e tem um maior sentido de humor.

A Katrin ama os seus pais,
mas o pai disse-lhe para fugir com Pete
porque estava prestes a confrontar o tio deles.


== MELVIN E ANGELA BROKSTON ==

Melvin conheceu Carrie e Katrin aos 14 anos.
É o mais ativo nos desportos.
Por vezes, Carrie e Katrin chamam-lhe ""Mel"".
Também costuma ter sentido de humor, mesmo que, no fundo,
tenha alguns sentimentos tristes para resolver.

Melvin e Angela perderam a mãe quando Angela tinha 4 anos,
o que significa que Melvin quer ter a certeza de que vai ensinar
a Angela o que a mãe lhe ensinou.
A Angela tende a ser teimosa por vezes e queixa-se bastante.

A última vez que Melvin viu o pai, este estava na sua cadeira, quase inconsciente,
e Melvin não conseguia perceber se estava morto ou bêbado.
Mas ainda sentiu que devia fugir e levar Angela consigo.

Melvin também transporta uma faca, que ele e o seu grupo usaram
para enfrentar os perigos durante as suas aventuras.


== STELLA FLENN ==

Prima de Katrin e Pete.
O seu hobby é a corrida de kart.

Tal como os outros seis, foi levada para o mundo estranho através de um estranho incidente e
ficou ali algum tempo antes de acidentalmente encontrar
o dispositivo utilizado para viagens dimensionais.
Ao tocar-lhe acidentalmente, foi levada para o universo de Krimb-Stone.

Stella não gosta muito do pai e acredita que ele traiu a mãe.
Stella e Katrin acreditam que ele é o verdadeiro pai de Pete,
o que significa que Pete é meio-irmão de Katrin e Stella.

Stella já estava desaparecida há algum tempo antes dos outros,
e é por isso que ela esteve quase um mês e meio em Krimb-Stone.


== OS 6 ALTERNATIVOS ==

Parecem semelhantes ao grupo dos 6, mas
as idades são diferentes.
A princípio, davam-se bem com o outro grupo,
até que um incidente envolvendo Stella e uma
casa viva chamada Amália ocorreu.
E as coisas pioraram a partir daí.

A anatomia deles é invertida em comparação com os 6 principais.
Também possuem o seu próprio dispositivo mágico.


== PAM/PAMELA MARGAREEN ==

Avó de Carrie e Oscar.
Devido a um feitiço descoberto por acidente, ela parece mais nova
quando na realidade tem mais de 70 anos.


== BERNARD BROKSTON E SHELLY FRINKENMAR ==

Bernard é tio de Melvin e Angela.
É dono de uma quinta.

Shelly é professora e namorada de Bernard.
É também cientista e estudou bastante as terras dos sonhos.


== ZARINA LIEFDEI ==

Uma feiticeira de Auliswaria.
É outra amiga de Pamela.
Ela possui poderes de cura e usou-os no seu país,
durante uma crise relacionada com uma erupção límnica.


== SHIHIRO XANG ==

Um artista marcial com poderes de Yilin.
Gosta de treinar outros e ensiná-los a lutar,
mesmo que não tenham os mesmos poderes que ele.
Também namora com Zarina.


== BAO BAO ==

O animal de estimação de Shihiro.
Ele é muito simpático.
Tem também uma forma em que fica maior e mais forte.


== ROSEIRO, AZULENTA E POEMA ==

Um misterioso grupo de irmãos/irmãs que adoram jogar com os outros.
Possuem também poções mágicas que podem transformar qualquer pessoa.


== GAMBOZINHAO E WOLPERTINGERELA ==

Um duo improvável que pode ou não ser nativo das dimensões sonhadoras.
Gambozinhao tem uma queda por Melvin.
Em termos de personalidade, Gambozinhao é muito alegre e geralmente entusiasta.
Também não é muito inteligente, comparado com Wolpertingerela.
Wolpertingerela é bastante confiante e gentil, além de ter sentido de humor.


== EGAS DE MONIZ E LUISA JESUS ==

O Egas adora ser um rufia e magoar as pessoas.
Luisa adora atormentar Katrin e sonha assassinar crianças.

Luisa tem também cicatrizes nos braços, resultado de uma automutilação.
Ela também costuma fumar.


== NEANDRA ==

Uma mulher das cavernas que Shelly encontrou congelada e decidiu resgatar.
Shelly passou algum tempo a curá-la e a ensinar-lhe coisas.
Com o tempo, Neandra tornou-se como uma filha adotiva de Shelly.
Ela também age de forma amigável.


== VISUAIS DIFERENTES PARA O GRUPO ==

Um conjunto de roupas diferentes e novas formas.
Talvez de um evento futuro, onde o grupo ganha poderes
relacionados com o futebol.
Ainda não se sabe porque é que a Luisa está ali.


== CRIATURAS ESTRANHAS ==

As aranhas-vaca, as osgas e os peixes-cuspidores.

Amalia é uma casa monstruosa que foi amiga dos 6 alternativos.
Uma vez, o monstro tentou comer Stella, o que levou à sua destruição
pelos 6 principais e Shihiro, para que pudessem salvar Stella.
Isto fez com que os 6 alternativos ficassem em maus termos com os outros.


== MANEQUINS ==

Manequins estranhos que podem atacar
se não estiveres a olhar diretamente para eles.


== A BANDEIRA DE NORTUBEL E A TERRA ==

Nortubel faz parte do continente de Yunopa, que
está localizado na parte superior da calote verde do mundo.


== RELAÇÃO DOS 3 ==

Aparentemente, parece ser um triângulo amoroso.


== PRAIA ==

Nortubel está associado à água, pelo que
não é surpresa que estas pessoas vão à praia.


== DESENHOS ESTRANHOS ==

Difícil perceber o que são.


== O DISPOSITIVO ==

O que o grupo de 6 usou para viajar
por mundos diferentes.






"
T_UNTOTERN_WIKI_INFO,"
== THE SEVEN UNDEAD ==

These 7 lost their memories after death and becoming undead beings.
Only their names remain.
They travel through Untotern's dimensions with the hopes of recovering their memories.


== KALUB AND ALISS STOKER ==

2 vampire twins, both with scars on their chests.
They are believed to be 100 years old and drink wine.
Sunlight doesn’t kill them, but makes them feel tired and weakens their powers.
The two like to play around and even scare mortals but aren't malicious.

They also have a pet bat named Vladdy.


== BEATRICE MARGAREEN ==

A female ghost with water related abilities.
When she discovered the Stoker twins, she treated them
like her own children.
She usually has a confident, smooth personality
and is often considered a nymphomaniac.


== CORNELIUS ARVAXIS AND TAAF KAHL ==

Cornelius is a male ghost with fire abilities, 
He's athletic and seems to love both Beatrice and Taaf.
He seems to have a positive attitude.

Taaf is an undead man with sand powers.
Seems to be angry at times.


== MARCUS CONORLY ==

An undead cowboy, whose own eyes are cut off from his head
but he can control them.
He seems to act like a romantic at times and in other times,
he has a dark sense of humor.


== MAIKOUTO SHORAKA ==

A female oni and the tallest of the group.
Much like Beatrice, she's mother-like towards Kalub and Aliss.
She also seems to have a confident personality.


== BELSHAZZAR AND THE LAMASHTURON DEMONS ==

A demon from the Lamashturon race, in which these are created
from the souls of the unborn.
Belshazzar was enslaved for years until he fought back and decided
on a destiny of his own.

A lot of other demons like him are still enslaved and some
even fight against their own will.


== SOLA AND MOONO ==

2 incomplete demigods meant to represent the sun and the moon.
The two wander the dimensions of Untotern to find their destined status as gods.

Sola has a magic throne while Moono has a magic sphere


== BAALPHOMETTE AND THE HELLHOUNDS ==

Baalphomette used to be a sorceress who made a deal with a demon goddess,
before the two fused into her current state.

Some lower demons look up to her, such as the Hellhounds.
One notorious being a female Hellhound that respects both Baalphomette and Cain.
Much like the Lamashturon demons, Hellhounds are also looked down by higher demons.


== TUTANKANUBI ==

Originating from Aegyptos, he's a king that was assassinated at 18.
His spirit is under the ownership of Bastupatra.
 

== HANGELICA AND CAIN ==

Hangelica is a goddess that is said to have taken God's place.
Despite her omniscience and powers, she still fell for Belshazzar's charm.

Cain is the cursed son of Belshazzar and Hangelica.
Sometimes he's just a mischievous little demon.
But in other times, he can be dangerous.
He can also shapeshift and lie to others.


== MINUSA, BASTUPATRA AND ZITLA  ==

These 3 goddesses have both humanoid and animalistic forms.
They represent different cultures to mortals across different realities.

Minusa can turn anyone into stone with her cursed gaze.
Bastupatra can summon pyramids and sandstorms.
Zitla can summon water and usually has sea creatures covered by her hair.


== KEO AND XERO ==

Keo is a totem and Xero is a dragon.


== YNGVER, WASAN AND THE VIMANA SHIP ==

Yngver is a god of thunder and
Wasan is a god that gifted the undead seven the Vimana ship,
which is used to travel dimensions.


== CHERNOBAALG ==

A god of death and radiation.


== CERBERUS ==

A punished demonic god, with one head blamed by the other two.


== GOBLI GREMLEENA ==

A witch who used her powers to heal before she became insane.
Eventually, she found her way to Untotern.


== GODWIN AND REZA ==

A warrior priest and a sorceress nun, both blessed by holy powers
to battle demons and protect the innocents.


== WILBUUR WHATLYE ==

A young man whose own cursed existence is the result of an experiment,
in which is father is a strange outwordly god.
Wilbuur aged rapidly, has a strange sounding voice and was obsessed with
discovering his true nature until a strange man gave him a book with dark secrets.
Despite his odd nature, he hopes to be treated like a human.


== VLADULA ==

The father of Kalub and Aliss.


== TEMUJIN KHAAN ==

A warrior and leader who grew an empire, through battles and excessive casualties.


== DR JEKYLL HYED ==

A scientist looking for power, responsible for Wilbuur's cursed existence.


== PRINCE OF DARKNESS ==

The son of the Devil.
Each hand carries something that represents the seven deadly sins.


== OTHER ENTITIES ==

Strange beings such as:
1 - The Hell Piranha
2 - The Hell Snake
3 - The Possessed Lantern
4 - The Desolate
5 - A possessed painting
6 - A strange bio-mechanical head
7 - The 2 Faced Goat
8 - The Large Beast of Sinful Delights







","
== OS SETE MORTOS-VIVOS ==

Estes 7 perderam as suas memórias após a morte e tornarem-se mortos-vivos.
Apenas os seus nomes permanecem.
Viajam pelas dimensões de Untotern com a esperança de recuperar as suas memórias.


== KALUB E ALISS STOKER ==

2 gémeos vampiros, ambos com cicatrizes no peito.
Podem ter 100 anos e bebem vinho.
A luz do sol não os mata, mas deixa-os cansados ​​e enfraquece os seus poderes.
Os dois gostam de brincar e até de assustar os mortais, mas não são maus.

Têm também um morcego de estimação chamado Vladdy.


== BEATRICE MARGAREEN ==

Uma fantasma com habilidades relacionadas com a água.
Quando descobriu os gémeos Stoker, tratou-os
como os seus próprios filhos.

Ela tem geralmente uma personalidade confiante e tranquila
e é as vezes considerada ninfomaníaca.


== CORNELIUS ARVAXIS E TAAF KAHL ==

Cornelius é um fantasma com habilidades de fogo.
É atlético e parece amar tanto Beatrice como Taaf.
Parece ter uma atitude positiva.

Taaf é um morto-vivo com poderes de areia.
Parece estar zangado às vezes.


== MARCUS CONORLY ==

Um cowboy morto-vivo, cujos próprios olhos foram arrancados da cabeça,
mas ele consegue controlá-los.
Por vezes, parece agir como um romântico e, noutras,
tem um sentido de humor sombrio.


== MAIKOUTO SHORAKA ==

Uma oni fêmea e a mais alta do grupo.
Tal como Beatrice, tem um comportamento maternal com Kalub e Aliss.
Ela também parece ter uma personalidade confiante.


== BELSHAZZAR E OS DEMONIOS LAMASHTURON ==

Um demónio da raça Lamashturon, na qual estes são criados
a partir das almas dos não nascidos.
Belshazzar foi escravizado durante anos até que lutou e decidiu
o seu próprio destino.

Muitos outros demónios como ele ainda estão escravizados e alguns
chegam mesmo a lutar contra a sua própria vontade.


== SOLA E MOONO ==

2 semideuses incompletos, destinados a representar o sol e a lua.
Os dois viajam pelas dimensões de Untotern em busca do seu destino como deuses.

Sola possui um trono mágico, enquanto Moono possui uma esfera mágica.


== BAALPHOMETTE E OS CÃES DO INFERNO ==

Baalphomette era uma feiticeira que fez um acordo com uma deusa demoníaca,
antes de os dois se fundirem no seu estado atual.

Alguns demónios inferiores admiram-na, como Cães do Inferno.
Um exemplo é uma fêmea que respeita tanto Baalphomette como Cain.
Tal como os demónios Lamashturon, os Cães do Inferno também são 
desprezados pelos demónios superiores.


== TUTANKANUBI ==

Vindo de Aegyptos, foi um rei assassinado aos 18 anos.
O seu espírito pertence a Bastupatra.


== HANGELICA E CAIN ==

Hangelica é uma deusa que aparentemente tomou o lugar de Deus.
Apesar da sua omnisciência e poderes, ela ainda assim 
deixou-se seduzir pelo charme de Belshazzar.

Cain é o filho amaldiçoado de Belshazzar e Hangelica.
Por vezes, é apenas um diabinho traquina.
Mas, noutras ocasiões, ele pode ser perigoso.
Também pode mudar de forma e mentir aos outros.


== MINUSA, BASTUPATRA E ZITLA  ==

Estas 3 deusas possuem formas tanto humanoides como animalescas.
Representam diferentes culturas para os mortais em diferentes realidades.

Minusa pode transformar qualquer um em pedra com o seu olhar amaldiçoado.
Bastupatra pode invocar pirâmides e tempestades de areia.
Zitla pode invocar água e geralmente tem criaturas marinhas cobertas pelo seu cabelo.


== KEO E XERO ==

Keo é um totem e Xero é um dragão.


== YNGVER, WASAN E A NAVE VIMANA ==

Yngver é um deus dos relâmpagos e
Wasan é um deus que ofereceu os sete mortos-vivos a nave Vimana,
que é utilizada para viajar entre dimensões.


== CHERNOBAALG ==

Um deus da morte e da radiação.


== CERBERUS ==

Um deus demoníaco castigado, com uma cabeça a ser culpada pelas outras.


== GOBLI GREMLEENA ==

Uma bruxa que usava os seus poderes para curar antes de enlouquecer.
Eventualmente, ela encontrou o caminho para Untotern.


== GODWIN E REZA ==

Um padre guerreiro e uma freira feiticeira, 
ambos abençoados por poderes sagrados
para combater os demónios e proteger os inocentes.


== WILBUUR WHATLYE ==

Um jovem cuja própria existência amaldiçoada é o resultado de uma experiência,
em que o seu pai é um estranho deus de outro mundo.
Wilbuur envelheceu rapidamente, tem uma voz estranha e era obcecado por
descobrir a sua verdadeira natureza
até que um homem estranho lhe deu um livro com segredos obscuros.
Apesar da sua natureza peculiar, espera ser tratado como um ser humano.


== VLADULA ==

O pai de Kalub e Aliss.


== TEMUJIN KHAAN ==

Um guerreiro e líder que construiu um império através de batalhas e inúmeras mortes.


== DR JEKYLL HYED ==

Um cientista em busca de poder, responsável pela existência amaldiçoada de Wilbuur.


== PRÍNCIPE DAS TREVAS ==

O filho do Diabo.
Cada mão transporta algo que representa os sete pecados mortais.


== OUTRAS ENTIDADES ==

Seres estranhos como:
1 - A Piranha do Inferno
2 - A Serpente do Inferno
3 - A Lanterna Possuída
4 - O Desolado
5 - Um quadro possuído
6 - Uma estranha cabeça biomecânica
7 - A Cabra de 2 Caras
8 - A Grande Besta dos Prazeres Pecaminosos







"
